CountryName,CountryCode,IndicatorName,IndicatorCode,1990,1991,1992,1993,1994,1995,1996,1997,1998,1999,2000,2001,2002,2003,2004,2005,2006,2007,2008,2009,2010,2011,2012,2013,2014,2015
Aruba,ABW,Forest area (% of land area),AG.LND.FRST.ZS,2.33,2.33,2.33,2.33,2.33,2.33,2.33,2.33,2.33,2.33,2.33,2.33,2.33,2.33,2.33,2.33,2.33,2.33,2.33,2.33,2.33,2.33,2.33,2.33,2.33,2.33
Afghanistan,AFG,Forest area (% of land area),AG.LND.FRST.ZS,2.07,2.07,2.07,2.07,2.07,2.07,2.07,2.07,2.07,2.07,2.07,2.07,2.07,2.07,2.07,2.07,2.07,2.07,2.07,2.07,2.07,2.07,2.07,2.07,2.07,2.07
Angola,AGO,Forest area (% of land area),AG.LND.FRST.ZS,48.91,48.81,48.71,48.61,48.51,48.41,48.31,48.21,48.11,48.01,47.91,47.81,47.71,47.61,47.51,47.41,47.31,47.21,47.11,47.01,46.91,46.81,46.71,46.61,46.51,46.41
Albania,ALB,Forest area (% of land area),AG.LND.FRST.ZS,28.79,28.72,28.65,28.57,28.50,28.43,28.36,28.29,28.22,28.15,28.08,28.17,28.27,28.36,28.46,28.55,28.51,28.47,28.42,28.38,28.33,28.30,28.26,28.23,28.19,28.16
Andorra,AND,Forest area (% of land area),AG.LND.FRST.ZS,34.04,34.04,34.04,34.04,34.04,34.04,34.04,34.04,34.04,34.04,34.04,34.04,34.04,34.04,34.04,34.04,34.04,34.04,34.04,34.04,34.04,34.04,34.04,34.04,34.04,34.04
Arab World,ARB,Forest area (% of land area),AG.LND.FRST.ZS,3.68,3.67,3.65,3.63,3.62,3.60,3.58,3.57,3.55,3.53,3.51,3.50,3.49,3.48,3.47,3.45,3.45,3.44,3.43,3.43,3.42,2.87,2.86,2.84,2.82,2.80
United Arab Emirates,ARE,Forest area (% of land area),AG.LND.FRST.ZS,2.93,3.01,3.09,3.16,3.24,3.32,3.40,3.47,3.55,3.63,3.71,3.71,3.72,3.72,3.73,3.73,3.74,3.76,3.77,3.78,3.80,3.81,3.82,3.83,3.85,3.86
Argentina,ARG,Forest area (% of land area),AG.LND.FRST.ZS,12.71,12.61,12.50,12.39,12.28,12.18,12.07,11.96,11.86,11.75,11.64,11.52,11.40,11.27,11.15,11.03,10.91,10.80,10.68,10.57,10.45,10.34,10.23,10.12,10.02,9.91
Armenia,ARM,Forest area (% of land area),AG.LND.FRST.ZS,11.77,11.75,11.75,11.75,11.74,11.73,11.72,11.72,11.71,11.70,11.70,11.69,11.68,11.68,11.67,11.66,11.65,11.65,11.64,11.63,11.63,11.63,11.64,11.65,11.65,11.66
American Samoa,ASM,Forest area (% of land area),AG.LND.FRST.ZS,91.95,91.75,91.60,91.45,91.25,91.10,90.95,90.75,90.60,90.40,90.25,90.10,89.90,89.75,89.55,89.40,89.25,89.05,88.90,88.75,88.55,88.40,88.20,88.05,87.90,87.70
Antigua and Barbuda,ATG,Forest area (% of land area),AG.LND.FRST.ZS,23.41,23.34,23.27,23.20,23.14,23.07,23.00,22.93,22.86,22.80,22.73,22.64,22.55,22.45,22.36,22.27,22.27,22.27,22.27,22.27,22.27,22.27,22.27,22.27,22.27,22.27
Australia,AUS,Forest area (% of land area),AG.LND.FRST.ZS,16.73,16.74,16.74,16.74,16.75,16.75,16.76,16.76,16.76,16.77,16.77,16.74,16.71,16.68,16.65,16.61,16.50,16.38,16.27,16.15,16.04,16.08,16.12,16.16,16.20,16.24
Austria,AUT,Forest area (% of land area),AG.LND.FRST.ZS,45.73,45.80,45.88,45.95,46.03,46.10,46.18,46.25,46.33,46.40,46.48,46.51,46.54,46.57,46.60,46.63,46.66,46.68,46.70,46.72,46.75,46.78,46.80,46.84,46.86,46.88
Azerbaijan,AZE,Forest area (% of land area),AG.LND.FRST.ZS,10.24,10.28,10.28,10.31,10.33,10.36,10.38,10.40,10.44,10.52,10.55,10.57,10.58,10.59,10.60,10.61,10.93,11.25,11.57,11.89,12.20,12.52,12.83,13.15,13.47,13.78
Burundi,BDI,Forest area (% of land area),AG.LND.FRST.ZS,11.25,10.90,10.55,10.19,9.84,9.48,9.13,8.77,8.42,8.06,7.71,7.58,7.45,7.31,7.18,7.05,7.61,8.17,8.73,9.29,9.85,10.03,10.21,10.39,10.57,10.75
Belgium,BEL,Forest area (% of land area),AG.LND.FRST.ZS,,,,,,,,,,,22.04,22.08,22.13,22.17,22.22,22.27,22.31,22.36,22.40,22.45,22.50,22.51,22.53,22.54,22.55,22.57
Benin,BEN,Forest area (% of land area),AG.LND.FRST.ZS,51.09,50.47,49.85,49.23,48.61,47.99,47.37,46.75,46.12,45.50,44.88,44.44,44.00,43.55,43.11,42.67,42.22,41.78,41.34,40.89,40.45,40.01,39.56,39.12,38.68,38.23
Burkina Faso,BFA,Forest area (% of land area),AG.LND.FRST.ZS,25.03,24.81,24.59,24.37,24.15,23.93,23.71,23.49,23.27,23.06,22.84,22.62,22.40,22.18,21.96,21.74,21.52,21.30,21.09,20.87,20.65,20.43,20.21,19.99,19.77,19.55
Bangladesh,BGD,Forest area (% of land area),AG.LND.FRST.ZS,11.48,11.46,11.44,11.42,11.40,11.38,11.36,11.34,11.32,11.30,11.28,11.26,11.24,11.22,11.20,11.18,11.16,11.14,11.12,11.10,11.08,11.06,11.04,11.02,11.00,10.98
Bulgaria,BGR,Forest area (% of land area),AG.LND.FRST.ZS,30.07,30.12,30.16,30.20,30.25,30.29,30.33,30.38,30.42,30.46,30.51,31.01,32.03,32.55,33.06,33.61,33.77,33.93,34.09,34.26,34.42,34.58,34.74,34.90,35.06,35.22
Bahrain,BHR,Forest area (% of land area),AG.LND.FRST.ZS,0.32,0.33,0.35,0.37,0.39,0.41,0.44,0.45,0.48,0.51,0.52,0.55,0.56,0.58,0.59,0.61,0.62,0.64,0.64,0.67,0.70,0.70,0.73,0.74,0.77,0.78
"Bahamas, The",BHS,Forest area (% of land area),AG.LND.FRST.ZS,51.45,51.45,51.45,51.45,51.45,51.45,51.45,51.45,51.45,51.45,51.45,51.45,51.45,51.45,51.45,51.45,51.45,51.45,51.45,51.45,51.45,51.45,51.45,51.45,51.45,51.45
Bosnia and Herzegovina,BIH,Forest area (% of land area),AG.LND.FRST.ZS,43.33,43.24,43.07,43.02,42.97,42.92,42.87,42.82,42.77,42.72,42.68,42.68,42.68,42.68,42.68,42.68,42.68,42.68,42.68,42.68,42.68,42.68,42.68,42.68,42.68,42.68
Belarus,BLR,Forest area (% of land area),AG.LND.FRST.ZS,38.36,38.84,38.84,39.08,39.33,39.57,39.81,40.06,40.30,40.54,40.79,40.95,41.11,41.27,41.43,41.59,41.67,41.77,41.87,41.98,42.06,42.16,42.25,42.35,42.45,42.55
Belize,BLZ,Forest area (% of land area),AG.LND.FRST.ZS,70.85,70.16,69.47,68.79,68.10,67.41,66.72,66.04,65.35,64.66,63.98,63.60,63.23,62.85,62.48,62.10,61.88,61.66,61.44,61.22,61.00,60.78,60.56,60.34,60.12,59.90
Bermuda,BMU,Forest area (% of land area),AG.LND.FRST.ZS,20.00,20.00,20.00,20.00,20.00,20.00,20.00,20.00,20.00,20.00,20.00,20.00,20.00,20.00,20.00,20.00,20.00,20.00,20.00,20.00,20.00,20.00,20.00,20.00,20.00,20.00
Bolivia,BOL,Forest area (% of land area),AG.LND.FRST.ZS,57.97,57.72,57.47,57.22,56.97,56.72,56.47,56.22,55.97,55.72,55.47,55.22,54.97,54.72,54.47,54.22,53.75,53.29,52.82,52.35,51.89,51.62,51.35,51.09,50.82,50.55
Brazil,BRA,Forest area (% of land area),AG.LND.FRST.ZS,65.41,65.11,64.80,64.50,64.19,63.89,63.58,63.28,62.98,62.67,62.37,62.02,61.67,61.32,60.98,60.63,60.43,60.23,60.03,59.84,59.64,59.52,59.40,59.28,59.17,59.05
Barbados,BRB,Forest area (% of land area),AG.LND.FRST.ZS,14.65,14.65,14.65,14.65,14.65,14.65,14.65,14.65,14.65,14.65,14.65,14.65,14.65,14.65,14.65,14.65,14.65,14.65,14.65,14.65,14.65,14.65,14.65,14.65,14.65,14.65
Brunei Darussalam,BRN,Forest area (% of land area),AG.LND.FRST.ZS,78.37,78.06,77.76,77.46,77.15,76.85,76.55,76.24,75.94,75.64,75.33,75.03,74.72,74.42,74.12,73.81,73.47,73.13,72.79,72.45,72.11,72.11,72.11,72.11,72.11,72.11
Bhutan,BTN,Forest area (% of land area),AG.LND.FRST.ZS,53.65,53.86,54.08,54.29,63.98,64.23,64.48,64.73,64.98,65.23,65.48,65.73,65.98,66.23,69.41,69.67,69.93,70.19,70.45,70.71,70.97,71.23,71.49,71.75,72.02,72.28
Botswana,BWA,Forest area (% of land area),AG.LND.FRST.ZS,24.21,24.00,23.79,23.58,23.37,23.16,22.95,22.74,22.54,22.33,22.12,21.91,21.70,21.49,21.28,21.07,20.86,20.66,20.45,20.24,20.03,19.85,19.67,19.49,19.31,19.13
Central African Republic,CAF,Forest area (% of land area),AG.LND.FRST.ZS,36.21,36.19,36.16,36.14,36.11,36.09,36.06,36.04,36.01,35.99,35.96,35.94,35.91,35.89,35.86,35.84,35.81,35.79,35.76,35.74,35.71,35.69,35.66,35.64,35.61,35.59
Canada,CAN,Forest area (% of land area),AG.LND.FRST.ZS,38.30,38.29,38.29,38.28,38.28,38.27,38.27,38.26,38.26,38.25,38.25,38.24,38.24,38.23,38.23,38.22,38.22,38.21,38.20,38.20,38.19,38.19,38.18,38.18,38.17,38.17
Central Europe and the Baltics,CEB,Forest area (% of land area),AG.LND.FRST.ZS,31.94,31.97,32.05,32.11,32.16,32.21,32.27,32.32,32.38,32.43,32.49,32.62,32.80,32.93,33.06,33.19,33.29,33.39,33.48,33.55,33.64,33.75,33.86,33.97,34.07,34.18
Switzerland,CHE,Forest area (% of land area),AG.LND.FRST.ZS,29.12,29.23,29.34,29.44,29.55,29.66,29.77,29.88,29.99,30.10,30.21,30.33,30.44,30.56,30.68,30.80,30.89,30.98,31.07,31.16,31.25,31.35,31.45,31.54,31.64,31.73
Channel Islands,CHI,Forest area (% of land area),AG.LND.FRST.ZS,4.21,4.21,4.21,4.21,4.21,4.21,4.21,4.21,4.21,4.21,4.21,4.21,4.21,4.21,4.21,4.21,4.21,4.21,4.21,4.21,4.21,4.21,4.21,4.21,4.21,4.21
Chile,CHL,Forest area (% of land area),AG.LND.FRST.ZS,20.53,20.60,20.68,20.76,20.83,20.91,20.99,21.07,21.14,21.22,21.30,21.35,21.41,21.46,21.52,21.58,21.63,21.68,21.73,21.78,21.83,22.23,22.64,23.04,23.45,23.85
China,CHN,Forest area (% of land area),AG.LND.FRST.ZS,16.74,16.95,17.16,17.37,17.58,17.80,18.01,18.22,18.43,18.64,18.85,19.20,19.54,19.88,20.22,20.56,20.72,20.88,21.05,21.21,21.37,21.53,21.70,21.86,22.03,22.19
Cote d'Ivoire,CIV,Forest area (% of land area),AG.LND.FRST.ZS,32.14,32.18,32.21,32.24,32.28,32.31,32.34,32.38,32.41,32.44,32.48,32.53,32.57,32.62,32.67,32.72,32.72,32.72,32.72,32.72,32.71,32.71,32.71,32.71,32.71,32.71
Cameroon,CMR,Forest area (% of land area),AG.LND.FRST.ZS,51.44,50.97,50.51,50.04,49.58,49.11,48.65,48.18,47.72,47.25,46.79,46.32,45.85,45.39,44.92,44.46,43.99,43.53,43.06,42.60,42.13,41.67,41.20,40.74,40.27,39.80
"Congo, Dem. Rep.",COD,Forest area (% of land area),AG.LND.FRST.ZS,70.74,70.60,70.46,70.32,70.19,70.05,69.91,69.77,69.64,69.50,69.36,69.23,69.09,68.95,68.81,68.68,68.54,68.40,68.26,68.13,67.99,67.85,67.71,67.58,67.44,67.30
"Congo, Rep.",COG,Forest area (% of land area),AG.LND.FRST.ZS,66.55,66.50,66.45,66.40,66.35,66.30,66.25,66.20,66.15,66.10,66.05,66.00,65.95,65.90,65.85,65.80,65.77,65.73,65.70,65.66,65.63,65.58,65.53,65.49,65.44,65.40
Colombia,COL,Forest area (% of land area),AG.LND.FRST.ZS,58.06,57.82,57.59,57.35,57.12,56.88,56.64,56.41,56.17,55.94,55.70,55.41,55.12,54.84,54.55,54.26,53.98,53.70,53.41,53.13,52.85,52.82,52.80,52.78,52.75,52.73
Comoros,COM,Forest area (% of land area),AG.LND.FRST.ZS,26.33,26.11,25.90,25.69,25.47,25.26,25.04,24.83,24.61,24.40,24.18,23.86,23.54,23.21,22.89,22.57,22.25,21.92,21.60,21.28,20.96,20.74,20.53,20.31,20.10,19.88
Cabo Verde,CPV,Forest area (% of land area),AG.LND.FRST.ZS,14.33,14.93,15.54,16.14,16.75,17.35,17.95,18.56,19.16,19.77,20.37,20.44,20.52,20.59,20.67,20.74,20.82,20.89,20.97,21.04,21.11,21.35,21.59,21.83,22.07,22.31
Costa Rica,CRI,Forest area (% of land area),AG.LND.FRST.ZS,50.22,49.85,49.48,49.11,48.74,48.37,48.01,47.64,47.27,46.90,46.53,46.98,47.43,47.88,48.34,48.79,49.23,49.68,50.13,50.57,51.02,51.61,52.20,52.79,53.38,53.98
Caribbean small states,CSS,Forest area (% of land area),AG.LND.FRST.ZS,86.32,86.26,86.20,86.14,86.08,86.02,85.96,85.90,85.83,85.77,85.71,85.67,85.62,85.58,85.53,85.49,85.45,85.41,85.38,85.34,85.30,85.25,85.21,85.17,85.12,85.08
Cuba,CUB,Forest area (% of land area),AG.LND.FRST.ZS,19.16,19.51,19.86,20.22,20.57,20.92,21.27,21.62,21.97,22.32,22.67,23.16,23.87,24.36,24.85,25.34,25.78,26.22,26.66,27.10,27.55,27.94,28.55,29.68,30.25,30.76
Curacao,CUW,Forest area (% of land area),AG.LND.FRST.ZS,,,,,,,,,,,,,,,,,,,,,,,,,,
Cayman Islands,CYM,Forest area (% of land area),AG.LND.FRST.ZS,52.92,52.92,52.92,52.92,52.92,52.92,52.92,52.92,52.92,52.92,52.92,52.92,52.92,52.92,52.92,52.92,52.92,52.92,52.92,52.92,52.92,52.92,52.92,52.92,52.92,52.92
Cyprus,CYP,Forest area (% of land area),AG.LND.FRST.ZS,17.44,17.55,17.66,17.78,17.89,18.00,18.12,18.23,18.35,18.46,18.57,18.60,18.63,18.65,18.68,18.71,18.71,18.71,18.71,18.71,18.71,18.70,18.70,18.70,18.69,18.69
Czech Republic,CZE,Forest area (% of land area),AG.LND.FRST.ZS,34.02,34.02,34.02,34.05,34.06,34.08,34.09,34.10,34.11,34.12,34.13,34.15,34.18,34.20,34.24,34.26,34.29,34.32,34.34,34.37,34.40,34.43,34.46,34.48,34.52,34.54
Germany,DEU,Forest area (% of land area),AG.LND.FRST.ZS,32.37,32.38,32.40,32.41,32.43,32.45,32.46,32.48,32.50,32.52,32.54,32.56,32.58,32.60,32.62,32.64,32.66,32.68,32.70,32.71,32.73,32.74,32.75,32.72,32.72,32.73
Djibouti,DJI,Forest area (% of land area),AG.LND.FRST.ZS,0.24,0.24,0.24,0.24,0.24,0.24,0.24,0.24,0.24,0.24,0.24,0.24,0.24,0.24,0.24,0.24,0.24,0.24,0.24,0.24,0.24,0.24,0.24,0.24,0.24,0.24
Dominica,DMA,Forest area (% of land area),AG.LND.FRST.ZS,66.67,66.31,65.96,65.60,65.24,64.88,64.53,64.17,63.81,63.47,63.11,62.75,62.39,62.04,61.68,61.32,60.96,60.61,60.25,59.91,59.55,59.19,58.84,58.48,58.13,57.77
Denmark,DNK,Forest area (% of land area),AG.LND.FRST.ZS,12.81,12.91,13.00,13.10,13.20,13.30,13.40,13.50,13.60,13.70,13.80,13.67,13.54,13.41,13.28,13.14,13.28,13.42,13.56,13.70,13.84,13.96,14.22,14.34,14.46,14.58
Dominican Republic,DOM,Forest area (% of land area),AG.LND.FRST.ZS,22.87,23.66,24.45,25.24,26.03,26.82,27.61,28.39,29.18,29.97,30.76,31.45,32.13,32.82,33.51,34.20,34.88,35.56,36.25,36.93,37.61,38.30,38.99,39.67,40.36,41.05
Algeria,DZA,Forest area (% of land area),AG.LND.FRST.ZS,0.70,0.70,0.69,0.69,0.69,0.68,0.68,0.67,0.67,0.67,0.66,0.66,0.66,0.65,0.65,0.64,0.68,0.71,0.74,0.77,0.81,0.81,0.81,0.81,0.82,0.82
East Asia & Pacific (excluding high income),EAP,Forest area (% of land area),AG.LND.FRST.ZS,28.69,28.67,28.65,28.63,28.61,28.59,28.57,28.55,28.53,28.51,28.51,28.65,28.79,28.93,29.07,29.21,29.29,29.37,29.45,29.52,29.60,29.63,29.67,29.70,29.74,29.77
Early-demographic dividend,EAR,Forest area (% of land area),AG.LND.FRST.ZS,24.47,24.32,24.18,24.05,23.91,23.77,23.62,23.47,23.35,23.20,23.05,22.99,22.92,22.85,22.78,22.72,22.63,22.55,22.46,22.38,22.30,22.22,22.15,22.07,22.00,21.93
East Asia & Pacific,EAS,Forest area (% of land area),AG.LND.FRST.ZS,25.77,25.76,25.75,25.74,25.73,25.72,25.71,25.70,25.69,25.68,25.68,25.76,25.85,25.93,26.01,26.09,26.11,26.12,26.14,26.15,26.16,26.20,26.23,26.27,26.30,26.34
Europe & Central Asia (excluding high income),ECA,Forest area (% of land area),AG.LND.FRST.ZS,38.38,38.39,38.40,38.41,38.43,38.44,38.45,38.45,38.46,38.45,38.47,38.48,38.49,38.50,38.50,38.51,38.58,38.65,38.72,38.78,38.85,38.86,38.87,38.88,38.89,38.90
Europe & Central Asia,ECS,Forest area (% of land area),AG.LND.FRST.ZS,37.27,37.30,37.33,37.37,37.41,37.44,37.48,37.41,37.44,37.46,37.49,37.51,37.53,37.54,37.56,37.58,37.66,37.73,37.80,37.87,37.94,37.96,37.98,38.00,38.02,38.04
Ecuador,ECU,Forest area (% of land area),AG.LND.FRST.ZS,52.85,52.52,52.20,51.87,51.55,51.22,50.89,50.57,56.00,55.64,55.28,54.96,54.64,54.33,54.01,53.69,53.38,53.06,52.74,52.43,52.11,51.79,51.47,51.16,50.84,50.52
"Egypt, Arab Rep.",EGY,Forest area (% of land area),AG.LND.FRST.ZS,0.04,0.05,0.05,0.05,0.05,0.05,0.05,0.05,0.06,0.06,0.06,0.06,0.06,0.06,0.07,0.07,0.07,0.07,0.07,0.07,0.07,0.07,0.07,0.07,0.07,0.07
Euro area,EMU,Forest area (% of land area),AG.LND.FRST.ZS,34.37,34.59,34.83,35.06,35.29,35.53,35.76,35.99,36.22,36.45,36.52,36.63,36.73,36.82,36.93,37.03,37.20,37.36,37.53,37.69,37.83,37.92,38.01,38.09,38.18,38.26
Eritrea,ERI,Forest area (% of land area),AG.LND.FRST.ZS,,,,15.92,15.87,15.83,15.78,15.74,15.69,15.65,15.60,15.56,15.52,15.47,15.43,15.39,15.34,15.30,15.26,15.21,15.17,15.12,15.08,15.04,14.99,14.95
Spain,ESP,Forest area (% of land area),AG.LND.FRST.ZS,27.65,28.28,28.92,29.55,30.19,30.82,31.46,32.09,32.72,33.36,34.02,34.18,34.26,34.37,34.50,34.63,35.02,35.40,35.81,36.21,36.49,36.57,36.62,36.68,36.75,36.82
Estonia,EST,Forest area (% of land area),AG.LND.FRST.ZS,52.04,52.04,52.22,52.30,52.39,52.48,52.56,52.65,52.74,52.83,52.91,52.96,53.00,53.04,53.08,53.13,53.04,52.96,52.87,52.79,52.70,52.69,52.68,52.67,52.66,52.65
Ethiopia,ETH,Forest area (% of land area),AG.LND.FRST.ZS,15.20,15.07,14.94,14.69,14.55,14.41,14.27,14.13,13.99,13.85,13.71,13.56,13.42,13.28,13.14,13.00,12.86,12.72,12.58,12.44,12.30,12.34,12.38,12.42,12.46,12.50
European Union,EUU,Forest area (% of land area),AG.LND.FRST.ZS,34.96,35.12,35.28,35.45,35.61,35.77,35.93,36.09,36.26,36.42,36.48,36.58,36.68,36.77,36.87,36.97,37.09,37.21,37.33,37.44,37.55,37.63,37.75,37.83,37.92,38.01
Fragile and conflict affected situations,FCS,Forest area (% of land area),AG.LND.FRST.ZS,27.77,27.66,27.54,27.35,27.23,27.12,27.00,26.89,26.77,26.66,26.54,26.44,26.33,26.22,26.12,26.01,25.90,25.78,25.67,25.57,25.45,24.86,24.73,24.60,24.48,24.35
Finland,FIN,Forest area (% of land area),AG.LND.FRST.ZS,71.82,72.00,72.19,72.38,72.57,72.75,72.94,73.13,73.31,73.50,73.69,73.49,73.29,73.09,72.90,72.70,72.86,72.92,73.01,73.06,73.11,73.11,73.11,73.11,73.11,73.11
Fiji,FJI,Forest area (% of land area),AG.LND.FRST.ZS,52.16,52.31,52.46,52.61,52.76,52.91,53.06,53.21,53.36,53.51,53.66,53.85,54.03,54.22,54.40,54.58,54.54,54.49,54.44,54.39,54.35,54.61,54.88,55.14,55.41,55.68
France,FRA,Forest area (% of land area),AG.LND.FRST.ZS,26.36,26.52,26.68,26.83,26.99,27.14,27.30,27.45,27.61,27.77,27.92,28.13,28.34,28.53,28.76,28.97,29.17,29.38,29.58,29.79,30.00,30.20,30.41,30.61,30.82,31.03
Faroe Islands,FRO,Forest area (% of land area),AG.LND.FRST.ZS,0.06,0.06,0.06,0.06,0.06,0.06,0.06,0.06,0.06,0.06,0.06,0.06,0.06,0.06,0.06,0.06,0.06,0.06,0.06,0.06,0.06,0.06,0.06,0.06,0.06,0.06
"Micronesia, Fed. Sts.",FSM,Forest area (% of land area),AG.LND.FRST.ZS,,90.87,90.91,90.96,90.99,91.03,91.07,91.10,91.14,91.19,91.23,91.26,91.30,91.34,91.39,91.41,91.46,91.50,91.53,91.57,91.61,91.66,91.69,91.73,91.77,91.81
Gabon,GAB,Forest area (% of land area),AG.LND.FRST.ZS,85.38,85.38,85.38,85.38,85.38,85.38,85.38,85.38,85.38,85.38,85.38,85.38,85.38,85.38,85.38,85.38,85.38,85.38,85.38,85.38,85.38,86.16,86.93,87.71,88.49,89.26
United Kingdom,GBR,Forest area (% of land area),AG.LND.FRST.ZS,11.48,11.56,11.63,11.70,11.77,11.85,11.92,11.99,12.06,12.14,12.21,12.27,12.32,12.38,12.43,12.49,12.52,12.55,12.58,12.61,12.64,12.71,12.78,12.85,12.93,13.00
Georgia,GEO,Forest area (% of land area),AG.LND.FRST.ZS,39.60,39.60,39.63,39.64,39.65,39.67,39.68,39.69,39.70,39.71,39.73,39.76,39.80,39.83,39.86,39.90,40.04,40.19,40.33,40.47,40.62,40.62,40.62,40.62,40.62,40.62
Ghana,GHA,Forest area (% of land area),AG.LND.FRST.ZS,37.91,38.04,38.16,38.29,38.41,38.53,38.66,38.78,38.91,39.03,39.15,39.28,39.41,39.53,39.66,39.79,39.91,40.04,40.16,40.29,40.41,40.54,40.66,40.78,40.91,41.03
Gibraltar,GIB,Forest area (% of land area),AG.LND.FRST.ZS,0.00,0.00,0.00,0.00,0.00,0.00,0.00,0.00,0.00,0.00,0.00,0.00,0.00,0.00,0.00,0.00,0.00,0.00,0.00,0.00,0.00,0.00,0.00,0.00,0.00,0.00
Guinea,GIN,Forest area (% of land area),AG.LND.FRST.ZS,29.56,29.42,29.27,29.12,28.98,28.83,28.68,28.54,28.39,28.24,28.10,27.95,27.80,27.66,27.51,27.36,27.22,27.07,26.92,26.78,26.63,26.49,26.34,26.19,26.05,25.90
"Gambia, The",GMB,Forest area (% of land area),AG.LND.FRST.ZS,43.68,43.86,44.05,44.24,44.43,44.61,44.80,44.99,45.18,45.37,45.55,45.75,45.95,46.15,46.34,46.54,46.72,46.90,47.08,47.25,47.43,47.59,47.75,47.91,48.06,48.22
Guinea-Bissau,GNB,Forest area (% of land area),AG.LND.FRST.ZS,78.81,78.46,78.12,77.78,77.44,77.10,76.76,76.42,76.07,75.73,75.39,75.05,74.71,74.37,74.03,73.68,73.33,72.97,72.62,72.26,71.91,71.55,71.19,70.84,70.48,70.13
Equatorial Guinea,GNQ,Forest area (% of land area),AG.LND.FRST.ZS,66.31,65.89,65.48,65.06,64.64,64.22,63.81,63.39,62.97,62.56,62.14,61.73,61.31,60.90,60.48,60.07,59.65,59.23,58.81,58.39,57.97,57.55,57.14,56.73,56.31,55.90
Greece,GRC,Forest area (% of land area),AG.LND.FRST.ZS,25.59,25.83,26.06,26.30,26.53,26.76,27.00,27.23,27.47,27.70,27.94,28.17,28.40,28.64,28.87,29.11,29.34,29.58,29.81,30.04,30.28,30.51,30.75,30.98,31.22,31.45
Grenada,GRD,Forest area (% of land area),AG.LND.FRST.ZS,49.97,49.97,49.97,49.97,49.97,49.97,49.97,49.97,49.97,49.97,49.97,49.97,49.97,49.97,49.97,49.97,49.97,49.97,49.97,49.97,49.97,49.97,49.97,49.97,49.97,49.97
Greenland,GRL,Forest area (% of land area),AG.LND.FRST.ZS,0.00,0.00,0.00,0.00,0.00,0.00,0.00,0.00,0.00,0.00,0.00,0.00,0.00,0.00,0.00,0.00,0.00,0.00,0.00,0.00,0.00,0.00,0.00,0.00,0.00,0.00
Guatemala,GTM,Forest area (% of land area),AG.LND.FRST.ZS,44.31,43.80,43.30,42.80,42.29,41.79,41.28,40.78,40.28,39.77,39.27,38.76,38.26,37.76,37.25,36.75,36.35,35.94,35.54,35.14,34.73,34.39,34.05,33.71,33.37,33.03
Guam,GUM,Forest area (% of land area),AG.LND.FRST.ZS,46.30,46.30,46.30,46.30,46.30,46.30,46.30,46.30,46.30,46.30,46.30,46.30,46.30,46.30,46.30,46.30,46.30,46.30,46.30,46.30,46.30,46.30,46.30,46.30,46.30,46.30
Guyana,GUY,Forest area (% of land area),AG.LND.FRST.ZS,84.63,84.61,84.59,84.58,84.56,84.54,84.52,84.50,84.48,84.46,84.44,84.42,84.40,84.38,84.36,84.34,84.31,84.29,84.26,84.23,84.21,84.16,84.10,84.05,84.00,83.95
High income,HIC,Forest area (% of land area),AG.LND.FRST.ZS,27.30,27.32,27.34,27.35,27.37,27.39,27.40,27.37,27.39,27.40,27.41,27.42,27.42,27.42,27.42,27.42,27.42,27.42,27.44,27.44,27.44,27.46,27.48,27.51,27.53,27.55
"Hong Kong SAR, China",HKG,Forest area (% of land area),AG.LND.FRST.ZS,,,,,,,,,,,,,,,,,,,,,,,,,,
Honduras,HND,Forest area (% of land area),AG.LND.FRST.ZS,72.71,71.16,69.60,68.04,66.48,64.92,63.36,61.80,60.24,58.69,57.13,56.06,54.98,53.91,52.84,51.77,50.69,49.62,48.55,47.48,46.40,45.33,44.26,43.19,42.11,41.04
Heavily indebted poor countries (HIPC),HPC,Forest area (% of land area),AG.LND.FRST.ZS,31.87,31.73,31.58,31.43,31.29,31.14,30.99,30.85,30.70,30.55,30.41,30.27,30.13,29.99,29.85,29.72,29.56,29.40,29.24,29.09,28.93,28.44,28.32,28.19,28.07,27.94
Croatia,HRV,Forest area (% of land area),AG.LND.FRST.ZS,33.09,33.09,33.21,33.28,33.34,33.40,33.42,33.49,33.59,33.65,33.71,33.78,33.84,33.91,33.94,34.01,34.07,34.13,34.19,34.25,34.31,34.32,34.32,34.33,34.34,34.35
Haiti,HTI,Forest area (% of land area),AG.LND.FRST.ZS,4.21,4.18,4.16,4.13,4.11,4.08,4.06,4.03,4.01,3.98,3.96,3.93,3.90,3.87,3.84,3.81,3.78,3.75,3.72,3.69,3.66,3.64,3.61,3.58,3.55,3.52
Hungary,HUN,Forest area (% of land area),AG.LND.FRST.ZS,20.04,20.17,20.30,20.43,20.56,20.69,20.82,20.96,21.09,21.22,21.39,21.54,21.68,21.83,21.98,22.13,22.27,22.41,22.55,22.46,22.60,22.65,22.70,22.75,22.80,22.85
IBRD only,IBD,Forest area (% of land area),AG.LND.FRST.ZS,34.50,34.45,34.39,34.34,34.29,34.24,34.19,34.14,34.10,34.04,34.00,33.98,33.97,33.95,33.94,33.92,33.92,33.91,33.91,33.91,33.90,33.89,33.89,33.88,33.87,33.86
IDA & IBRD total,IBT,Forest area (% of land area),AG.LND.FRST.ZS,32.83,32.75,32.66,32.58,32.50,32.42,32.33,32.25,32.18,32.09,32.01,31.96,31.91,31.86,31.81,31.76,31.73,31.69,31.65,31.62,31.58,31.46,31.42,31.38,31.34,31.29
IDA total,IDA,Forest area (% of land area),AG.LND.FRST.ZS,28.42,28.26,28.09,27.92,27.77,27.60,27.43,27.27,27.10,26.94,26.77,26.63,26.49,26.35,26.22,26.08,25.95,25.83,25.70,25.58,25.45,25.05,24.91,24.78,24.65,24.51
IDA blend,IDB,Forest area (% of land area),AG.LND.FRST.ZS,24.31,24.11,23.91,23.70,23.50,23.29,23.09,22.89,22.68,22.48,22.28,22.11,21.94,21.78,21.61,21.44,21.34,21.23,21.12,21.01,20.90,20.72,20.54,20.36,20.18,19.99
Indonesia,IDN,Forest area (% of land area),AG.LND.FRST.ZS,65.44,64.38,63.33,62.27,61.21,60.16,59.10,58.04,56.99,55.93,54.87,54.70,54.53,54.36,54.19,54.02,53.64,53.26,52.88,52.51,52.13,51.75,51.37,50.99,50.62,50.24
IDA only,IDX,Forest area (% of land area),AG.LND.FRST.ZS,29.62,29.46,29.31,29.15,29.01,28.86,28.70,28.55,28.39,28.24,28.08,27.95,27.82,27.69,27.56,27.43,27.30,27.17,27.04,26.91,26.78,26.31,26.19,26.07,25.95,25.83
Isle of Man,IMN,Forest area (% of land area),AG.LND.FRST.ZS,6.07,6.07,6.07,6.07,6.07,6.07,6.07,6.07,6.07,6.07,6.07,6.07,6.07,6.07,6.07,6.07,6.07,6.07,6.07,6.07,6.07,6.07,6.07,6.07,6.07,6.07
India,IND,Forest area (% of land area),AG.LND.FRST.ZS,21.51,21.55,21.60,21.65,21.70,21.75,21.80,21.85,21.90,21.94,21.99,22.15,22.31,22.46,22.62,22.77,22.91,23.05,23.19,23.33,23.47,23.53,23.59,23.65,23.71,23.77
Not classified,INX,Forest area (% of land area),AG.LND.FRST.ZS,,,,,,,,,,,,,,,,,,,,,,,,,,
Ireland,IRL,Forest area (% of land area),AG.LND.FRST.ZS,6.75,7.00,7.24,7.49,7.74,7.98,8.23,8.48,8.72,8.97,9.22,9.39,9.56,9.74,9.91,10.09,10.18,10.26,10.35,10.44,10.53,10.62,10.70,10.78,10.86,10.95
"Iran, Islamic Rep.",IRN,Forest area (% of land area),AG.LND.FRST.ZS,5.57,5.59,5.60,5.62,5.63,5.65,5.66,5.68,5.69,5.71,5.73,5.89,6.06,6.23,6.40,6.56,6.56,6.56,6.56,6.56,6.56,6.56,6.56,6.56,6.56,6.56
Iraq,IRQ,Forest area (% of land area),AG.LND.FRST.ZS,1.84,1.84,1.84,1.85,1.85,1.85,1.86,1.86,1.86,1.87,1.87,1.87,1.88,1.88,1.88,1.89,1.89,1.89,1.89,1.90,1.90,1.90,1.90,1.90,1.90,1.90
Iceland,ISL,Forest area (% of land area),AG.LND.FRST.ZS,0.16,0.17,0.19,0.20,0.21,0.22,0.24,0.25,0.26,0.27,0.29,0.30,0.32,0.33,0.35,0.36,0.38,0.39,0.40,0.41,0.43,0.44,0.45,0.46,0.48,0.49
Israel,ISR,Forest area (% of land area),AG.LND.FRST.ZS,6.10,6.20,6.29,6.39,6.49,6.59,6.68,6.78,6.88,6.97,7.07,7.09,7.11,7.13,7.14,7.16,7.15,7.14,7.13,7.13,7.12,7.22,7.32,7.42,7.52,7.62
Italy,ITA,Forest area (% of land area),AG.LND.FRST.ZS,25.81,26.07,26.34,26.60,26.87,27.13,27.40,27.66,27.93,28.19,28.46,28.72,28.99,29.25,29.51,29.78,29.96,30.14,30.33,30.51,30.69,30.88,31.06,31.24,31.42,31.61
Jamaica,JAM,Forest area (% of land area),AG.LND.FRST.ZS,31.82,31.78,31.75,31.72,31.68,31.65,31.61,31.58,31.55,31.51,31.48,31.45,31.41,31.38,31.35,31.32,31.28,31.24,31.20,31.17,31.13,31.09,31.06,31.02,30.99,30.95
Jordan,JOR,Forest area (% of land area),AG.LND.FRST.ZS,1.10,1.10,1.10,1.10,1.10,1.10,1.10,1.10,1.10,1.10,1.10,1.10,1.10,1.10,1.10,1.10,1.10,1.10,1.10,1.10,1.10,1.10,1.10,1.10,1.10,1.10
Japan,JPN,Forest area (% of land area),AG.LND.FRST.ZS,68.43,68.41,68.39,68.37,68.35,68.33,68.33,68.31,68.29,68.27,68.25,68.28,68.31,68.34,68.38,68.41,68.43,68.44,68.46,68.48,68.48,68.48,68.47,68.47,68.46,68.46
Kazakhstan,KAZ,Forest area (% of land area),AG.LND.FRST.ZS,1.27,1.27,1.26,1.26,1.26,1.26,1.25,1.25,1.25,1.25,1.25,1.24,1.24,1.24,1.24,1.24,1.23,1.23,1.23,1.23,1.23,1.23,1.23,1.23,1.23,1.23
Kenya,KEN,Forest area (% of land area),AG.LND.FRST.ZS,8.30,8.10,7.89,7.69,7.48,7.28,7.07,6.86,6.66,6.45,6.25,6.42,6.59,6.77,6.94,7.11,7.18,7.24,7.30,7.37,7.43,7.50,7.56,7.63,7.69,7.75
Kyrgyz Republic,KGZ,Forest area (% of land area),AG.LND.FRST.ZS,4.36,4.36,4.38,4.40,4.41,4.42,4.43,4.44,4.45,4.46,4.47,4.49,4.50,4.51,4.52,4.53,4.33,4.13,3.93,3.73,3.53,3.49,3.45,3.40,3.36,3.32
Cambodia,KHM,Forest area (% of land area),AG.LND.FRST.ZS,73.33,72.54,71.74,70.95,70.16,69.37,68.58,67.78,66.99,66.20,65.41,64.49,63.56,62.64,61.72,60.79,60.07,59.35,58.63,57.91,57.18,56.46,55.74,55.02,54.30,53.57
Kiribati,KIR,Forest area (% of land area),AG.LND.FRST.ZS,15.00,15.00,15.00,15.00,15.00,15.00,15.00,15.00,15.00,15.00,15.00,15.00,15.00,15.00,15.00,15.00,15.00,15.00,15.00,15.00,15.00,15.00,15.00,15.00,15.00,15.00
St. Kitts and Nevis,KNA,Forest area (% of land area),AG.LND.FRST.ZS,42.31,42.31,42.31,42.31,42.31,42.31,42.31,42.31,42.31,42.31,42.31,42.31,42.31,42.31,42.31,42.31,42.31,42.31,42.31,42.31,42.31,42.31,42.31,42.31,42.31,42.31
"Korea, Rep.",KOR,Forest area (% of land area),AG.LND.FRST.ZS,66.04,65.95,65.87,65.78,65.70,65.61,65.53,65.44,65.36,65.27,65.19,64.93,64.83,64.75,64.67,64.58,64.50,64.40,64.26,64.15,63.99,63.91,63.76,63.60,63.52,63.44
Kuwait,KWT,Forest area (% of land area),AG.LND.FRST.ZS,0.19,0.20,0.21,0.22,0.23,0.23,0.24,0.25,0.26,0.26,0.27,0.28,0.29,0.30,0.30,0.31,0.32,0.33,0.34,0.34,0.35,0.35,0.35,0.35,0.35,0.35
Latin America & Caribbean (excluding high income),LAC,Forest area (% of land area),AG.LND.FRST.ZS,59.29,59.02,58.76,58.50,58.24,57.98,57.72,57.45,57.29,57.03,56.77,56.49,56.22,55.95,55.67,55.40,55.19,54.99,54.79,54.58,54.38,54.24,54.11,53.98,53.85,53.71
Lao PDR,LAO,Forest area (% of land area),AG.LND.FRST.ZS,76.45,75.97,75.48,75.00,74.51,74.03,73.54,73.06,72.57,72.09,71.60,71.90,72.20,72.50,72.79,73.09,73.91,74.73,75.55,76.37,77.19,78.01,78.83,79.65,80.47,81.29
Lebanon,LBN,Forest area (% of land area),AG.LND.FRST.ZS,12.81,12.81,12.81,12.81,12.81,12.81,12.81,12.81,12.81,12.81,12.81,12.91,13.02,13.13,13.24,13.34,13.35,13.36,13.37,13.37,13.38,13.39,13.40,13.41,13.41,13.42
Liberia,LBR,Forest area (% of land area),AG.LND.FRST.ZS,51.17,50.86,50.55,50.24,49.93,49.62,49.30,48.99,48.68,48.37,48.06,47.75,47.44,47.12,46.81,46.50,46.19,45.88,45.57,45.26,44.94,44.63,44.32,44.01,43.70,43.39
Libya,LBY,Forest area (% of land area),AG.LND.FRST.ZS,0.12,0.12,0.12,0.12,0.12,0.12,0.12,0.12,0.12,0.12,0.12,0.12,0.12,0.12,0.12,0.12,0.12,0.12,0.12,0.12,0.12,0.12,0.12,0.12,0.12,0.12
St. Lucia,LCA,Forest area (% of land area),AG.LND.FRST.ZS,35.74,35.64,35.54,35.44,35.34,35.25,35.15,35.05,34.95,34.85,34.75,34.66,34.56,34.46,34.36,34.26,34.16,34.07,33.97,33.87,33.77,33.67,33.57,33.48,33.38,33.28
Latin America & Caribbean,LCN,Forest area (% of land area),AG.LND.FRST.ZS,51.03,50.81,50.59,50.37,50.14,49.92,49.70,49.48,49.33,49.10,48.88,48.65,48.41,48.17,47.94,47.70,47.52,47.34,47.16,46.99,46.81,46.70,46.59,46.49,46.38,46.27
Least developed countries: UN classification,LDC,Forest area (% of land area),AG.LND.FRST.ZS,30.56,30.40,30.25,30.09,29.95,29.80,29.64,29.49,29.34,29.18,29.03,28.90,28.76,28.63,28.50,28.37,28.24,28.11,27.99,27.86,27.73,27.25,27.13,27.01,26.88,26.76
Low income,LIC,Forest area (% of land area),AG.LND.FRST.ZS,29.80,29.64,29.47,29.30,29.14,28.97,28.80,28.64,28.47,28.30,28.14,27.98,27.82,27.67,27.51,27.36,27.19,27.03,26.87,26.71,26.55,26.41,26.27,26.14,26.00,25.87
Liechtenstein,LIE,Forest area (% of land area),AG.LND.FRST.ZS,40.63,40.88,41.13,41.38,41.63,41.88,42.13,42.38,42.63,42.88,43.13,43.13,43.13,43.13,43.13,43.13,43.13,43.13,43.13,43.13,43.13,43.13,43.13,43.13,43.13,43.13
Sri Lanka,LKA,Forest area (% of land area),AG.LND.FRST.ZS,36.42,36.27,36.13,35.98,35.83,35.69,35.54,35.39,35.25,35.10,34.95,34.72,34.48,34.25,34.01,33.77,33.73,33.68,33.63,33.58,33.54,33.43,33.32,33.22,33.11,33.01
Lower middle income,LMC,Forest area (% of land area),AG.LND.FRST.ZS,29.78,29.61,29.43,29.25,29.08,28.90,28.72,28.54,28.36,28.18,28.02,27.96,27.89,27.83,27.77,27.70,27.62,27.54,27.46,27.38,27.30,26.88,26.78,26.68,26.57,26.47
Low & middle income,LMY,Forest area (% of land area),AG.LND.FRST.ZS,33.59,33.51,33.42,33.34,33.25,33.17,33.08,33.00,32.92,32.83,32.75,32.70,32.65,32.60,32.55,32.50,32.47,32.43,32.39,32.36,32.32,32.19,32.15,32.10,32.06,32.01
Lesotho,LSO,Forest area (% of land area),AG.LND.FRST.ZS,1.32,1.32,1.33,1.34,1.34,1.35,1.36,1.36,1.37,1.38,1.38,1.39,1.40,1.40,1.41,1.42,1.42,1.43,1.44,1.44,1.45,1.48,1.52,1.55,1.58,1.61
Late-demographic dividend,LTE,Forest area (% of land area),AG.LND.FRST.ZS,38.77,38.76,38.75,38.75,38.75,38.74,38.73,38.72,38.71,38.70,38.71,38.71,38.71,38.70,38.70,38.70,38.74,38.78,38.83,38.87,38.91,38.93,38.95,38.97,38.99,39.01
Lithuania,LTU,Forest area (% of land area),AG.LND.FRST.ZS,31.03,31.03,31.27,31.39,31.51,31.63,31.75,31.87,31.99,32.11,32.23,32.55,32.87,33.19,33.52,33.84,33.99,34.15,34.31,34.47,34.62,34.66,34.69,34.72,34.76,34.80
Luxembourg,LUX,Forest area (% of land area),AG.LND.FRST.ZS,,,,,,,,,,,33.47,33.47,33.47,33.47,33.47,33.47,33.47,33.47,33.47,33.47,33.47,33.47,33.47,33.47,33.47,33.47
Latvia,LVA,Forest area (% of land area),AG.LND.FRST.ZS,51.02,51.02,51.23,51.34,51.45,51.56,51.67,51.78,51.89,52.00,52.11,52.29,52.47,52.65,52.83,53.01,53.19,53.38,53.56,53.76,53.89,53.93,53.95,53.95,53.97,53.97
"Macao SAR, China",MAC,Forest area (% of land area),AG.LND.FRST.ZS,,,,,,,,,,,,,,,,,,,,,,,,,,
St. Martin (French part),MAF,Forest area (% of land area),AG.LND.FRST.ZS,18.38,18.38,18.38,18.38,18.38,18.38,18.38,18.38,18.38,18.38,18.38,18.38,18.38,18.38,18.38,18.38,18.38,18.38,18.38,18.38,18.38,18.38,18.38,18.38,18.38,18.38
Morocco,MAR,Forest area (% of land area),AG.LND.FRST.ZS,11.10,11.11,11.12,11.13,11.14,11.14,11.15,11.16,11.17,11.18,11.19,11.37,11.55,11.74,11.92,12.10,12.22,12.34,12.47,12.59,12.71,12.69,12.67,12.66,12.64,12.62
Monaco,MCO,Forest area (% of land area),AG.LND.FRST.ZS,,,,,,,,,,,,,,,,,,,,,,,,,,
Moldova,MDA,Forest area (% of land area),AG.LND.FRST.ZS,9.70,9.70,9.74,9.73,9.74,9.76,9.78,9.80,9.81,9.83,9.85,10.09,10.33,10.57,10.80,11.04,11.18,11.32,11.46,11.60,11.75,11.89,12.03,12.16,12.30,12.44
Madagascar,MDG,Forest area (% of land area),AG.LND.FRST.ZS,23.54,23.43,23.31,23.20,23.08,22.97,22.85,22.74,22.62,22.51,22.39,22.33,22.27,22.20,22.14,22.08,21.98,21.88,21.78,21.68,21.59,21.55,21.52,21.49,21.47,21.44
Maldives,MDV,Forest area (% of land area),AG.LND.FRST.ZS,3.33,3.33,3.33,3.33,3.33,3.33,3.33,3.33,3.33,3.33,3.33,3.33,3.33,3.33,3.33,3.33,3.33,3.33,3.33,3.33,3.33,3.33,3.33,3.33,3.33,3.33
Middle East & North Africa,MEA,Forest area (% of land area),AG.LND.FRST.ZS,1.77,1.78,1.78,1.79,1.79,1.80,1.80,1.81,1.81,1.82,1.82,1.86,1.89,1.92,1.96,1.99,2.00,2.02,2.03,2.04,2.06,2.06,2.06,2.06,2.06,2.06
Mexico,MEX,Forest area (% of land area),AG.LND.FRST.ZS,35.89,35.79,35.69,35.59,35.49,35.40,35.30,35.20,35.10,35.00,34.91,34.83,34.75,34.67,34.59,34.51,34.45,34.39,34.33,34.27,34.21,34.16,34.11,34.07,34.02,33.97
Marshall Islands,MHL,Forest area (% of land area),AG.LND.FRST.ZS,,70.22,70.22,70.22,70.22,70.22,70.22,70.22,70.22,70.22,70.22,70.22,70.22,70.22,70.22,70.22,70.22,70.22,70.22,70.22,70.22,70.22,70.22,70.22,70.22,70.22
Middle income,MIC,Forest area (% of land area),AG.LND.FRST.ZS,34.29,34.22,34.14,34.07,34.01,33.94,33.87,33.80,33.74,33.66,33.60,33.57,33.54,33.51,33.48,33.45,33.43,33.42,33.40,33.39,33.38,33.25,33.23,33.20,33.17,33.14
"Macedonia, FYR",MKD,Forest area (% of land area),AG.LND.FRST.ZS,35.86,35.86,36.22,36.41,36.59,36.77,36.95,37.13,37.31,37.49,37.67,37.81,37.94,38.07,38.21,38.34,38.52,39.01,39.19,39.39,39.57,39.57,39.57,39.57,39.57,39.57
Mali,MLI,Forest area (% of land area),AG.LND.FRST.ZS,5.48,5.42,5.35,5.29,5.22,5.16,5.09,5.03,4.96,4.90,4.84,4.77,4.71,4.64,4.58,4.51,4.45,4.38,4.32,4.25,4.19,4.12,4.06,3.99,3.93,3.86
Malta,MLT,Forest area (% of land area),AG.LND.FRST.ZS,1.09,1.09,1.09,1.09,1.09,1.09,1.09,1.09,1.09,1.09,1.09,1.09,1.09,1.09,1.09,1.09,1.09,1.09,1.09,1.09,1.09,1.09,1.09,1.09,1.09,1.09
Myanmar,MMR,Forest area (% of land area),AG.LND.FRST.ZS,60.01,59.34,58.68,58.01,57.35,56.68,56.01,55.35,54.68,54.02,53.35,52.88,52.41,51.93,51.47,51.00,50.52,50.04,49.58,49.11,48.64,47.80,46.97,46.14,45.30,44.47
Middle East & North Africa (excluding high income),MNA,Forest area (% of land area),AG.LND.FRST.ZS,2.15,2.15,2.16,2.17,2.17,2.18,2.18,2.19,2.19,2.20,2.20,2.25,2.29,2.33,2.38,2.42,2.44,2.45,2.47,2.49,2.51,2.51,2.51,2.51,2.51,2.51
Montenegro,MNE,Forest area (% of land area),AG.LND.FRST.ZS,46.54,46.54,46.54,46.54,46.54,46.54,46.54,46.54,46.54,46.54,46.54,46.54,46.54,46.54,46.54,46.54,49.53,52.52,55.51,58.50,61.49,61.49,61.49,61.49,61.49,61.49
Mongolia,MNG,Forest area (% of land area),AG.LND.FRST.ZS,8.07,8.02,7.96,7.91,7.86,7.81,7.75,7.70,7.65,7.59,7.54,7.49,7.44,7.38,7.33,7.28,7.50,7.72,7.95,8.17,8.39,8.33,8.27,8.21,8.14,8.08
Northern Mariana Islands,MNP,Forest area (% of land area),AG.LND.FRST.ZS,,72.70,72.35,72.00,71.63,71.28,70.91,70.57,70.20,69.85,69.48,69.13,68.78,68.41,68.07,67.70,67.35,66.98,66.63,66.26,65.91,65.54,65.20,64.85,64.48,64.13
Mozambique,MOZ,Forest area (% of land area),AG.LND.FRST.ZS,55.16,54.88,54.60,54.33,54.05,53.77,53.49,53.21,52.93,52.66,52.38,52.09,51.81,51.53,51.25,50.97,50.68,50.40,50.12,49.84,49.56,49.30,49.03,48.77,48.51,48.25
Mauritania,MRT,Forest area (% of land area),AG.LND.FRST.ZS,0.40,0.39,0.38,0.37,0.36,0.36,0.35,0.34,0.33,0.32,0.31,0.30,0.29,0.28,0.27,0.26,0.25,0.25,0.24,0.24,0.23,0.23,0.23,0.22,0.22,0.22
Mauritius,MUS,Forest area (% of land area),AG.LND.FRST.ZS,20.25,20.29,20.33,20.36,20.40,20.44,20.48,20.52,20.56,20.60,20.64,20.28,19.91,19.55,19.18,18.82,18.84,18.86,18.88,18.90,18.92,18.94,18.96,18.98,19.00,19.01
Malawi,MWI,Forest area (% of land area),AG.LND.FRST.ZS,41.32,40.97,40.63,40.28,39.93,39.58,39.23,38.88,38.53,38.18,37.83,37.48,37.13,36.78,36.43,36.08,35.73,35.38,35.03,34.68,34.33,34.14,33.95,33.76,33.57,33.38
Malaysia,MYS,Forest area (% of land area),AG.LND.FRST.ZS,68.11,67.87,67.63,67.39,67.15,66.91,66.67,66.43,66.19,65.95,65.72,65.29,64.86,64.44,64.01,63.58,64.33,65.08,65.84,66.59,67.34,67.38,67.42,67.47,67.51,67.55
North America,NAC,Forest area (% of land area),AG.LND.FRST.ZS,35.65,35.65,35.66,35.66,35.66,35.67,35.67,35.67,35.68,35.68,35.68,35.69,35.70,35.71,35.72,35.73,35.77,35.81,35.88,35.92,35.96,35.98,35.99,36.00,36.01,36.03
Namibia,NAM,Forest area (% of land area),AG.LND.FRST.ZS,10.64,10.55,10.47,10.38,10.29,10.20,10.11,10.02,9.93,9.84,9.76,9.67,9.58,9.49,9.40,9.31,9.22,9.13,9.03,8.94,8.85,8.76,8.67,8.58,8.49,8.40
New Caledonia,NCL,Forest area (% of land area),AG.LND.FRST.ZS,45.90,45.90,45.90,45.90,45.90,45.90,45.90,45.90,45.90,45.90,45.90,45.90,45.90,45.90,45.90,45.90,45.90,45.90,45.90,45.90,45.90,45.90,45.90,45.90,45.90,45.90
Niger,NER,Forest area (% of land area),AG.LND.FRST.ZS,1.54,1.49,1.44,1.39,1.34,1.29,1.24,1.19,1.15,1.10,1.05,1.04,1.03,1.02,1.01,1.00,0.99,0.98,0.97,0.96,0.95,0.94,0.93,0.92,0.91,0.90
Nigeria,NGA,Forest area (% of land area),AG.LND.FRST.ZS,18.92,18.47,18.02,17.57,17.12,16.67,16.22,15.77,15.32,14.87,14.42,13.97,13.52,13.07,12.63,12.18,11.73,11.28,10.83,10.38,9.93,9.48,9.03,8.58,8.13,7.68
Nicaragua,NIC,Forest area (% of land area),AG.LND.FRST.ZS,37.51,36.93,36.35,35.77,35.18,34.60,34.02,33.44,32.86,32.28,31.69,31.11,30.53,29.95,29.37,28.79,28.20,27.62,27.04,26.46,25.88,25.88,25.88,25.88,25.88,25.88
Netherlands,NLD,Forest area (% of land area),AG.LND.FRST.ZS,10.22,10.26,10.31,10.35,10.40,10.44,10.49,10.53,10.57,10.62,10.66,10.69,10.72,10.75,10.78,10.81,10.86,10.91,10.95,11.01,11.06,11.08,11.10,11.12,11.14,11.16
Norway,NOR,Forest area (% of land area),AG.LND.FRST.ZS,33.22,33.21,33.21,33.20,33.20,33.19,33.18,33.18,33.17,33.17,33.16,33.15,33.14,33.13,33.12,33.11,33.11,33.12,33.12,33.13,33.13,33.14,33.14,33.15,33.16,33.16
Nepal,NPL,Forest area (% of land area),AG.LND.FRST.ZS,33.69,33.04,32.40,31.76,31.12,30.48,29.84,29.20,28.56,27.91,27.21,26.84,26.47,26.10,25.73,25.36,25.36,25.36,25.36,25.36,25.36,25.36,25.36,25.36,25.36,25.36
Nauru,NRU,Forest area (% of land area),AG.LND.FRST.ZS,0.00,0.00,0.00,0.00,0.00,0.00,0.00,0.00,0.00,0.00,0.00,0.00,0.00,0.00,0.00,0.00,0.00,0.00,0.00,0.00,0.00,0.00,0.00,0.00,0.00,0.00
New Zealand,NZL,Forest area (% of land area),AG.LND.FRST.ZS,36.68,36.86,37.04,37.23,37.41,37.59,37.78,37.96,38.14,38.32,38.51,38.54,38.57,38.61,38.64,38.67,38.65,38.62,38.60,38.58,38.55,38.55,38.55,38.55,38.55,38.56
OECD members,OED,Forest area (% of land area),AG.LND.FRST.ZS,30.88,30.90,30.92,30.94,30.96,30.99,31.01,31.03,31.05,31.07,31.08,31.09,31.10,31.10,31.11,31.12,31.13,31.14,31.16,31.17,31.18,31.21,31.25,31.28,31.31,31.35
Oman,OMN,Forest area (% of land area),AG.LND.FRST.ZS,0.01,0.01,0.01,0.01,0.01,0.01,0.01,0.01,0.01,0.01,0.01,0.01,0.01,0.01,0.01,0.01,0.01,0.01,0.01,0.01,0.01,0.01,0.01,0.01,0.01,0.01
Other small states,OSS,Forest area (% of land area),AG.LND.FRST.ZS,27.78,27.68,27.59,27.49,27.48,27.38,27.29,27.19,27.09,26.99,26.89,26.79,26.69,26.58,26.50,26.40,26.32,26.23,26.14,26.06,25.97,25.98,25.98,25.99,25.99,26.00
Pakistan,PAK,Forest area (% of land area),AG.LND.FRST.ZS,3.28,3.22,3.17,3.12,3.06,3.01,2.96,2.90,2.85,2.80,2.74,2.69,2.63,2.58,2.52,2.47,2.41,2.36,2.30,2.24,2.19,2.13,2.08,2.02,1.97,1.91
Panama,PAN,Forest area (% of land area),AG.LND.FRST.ZS,67.80,67.56,67.33,67.10,66.87,66.63,66.40,66.17,65.93,65.70,65.47,65.24,65.01,64.78,64.55,64.33,64.10,63.88,63.66,63.43,63.21,62.99,62.77,62.55,62.33,62.11
Peru,PER,Forest area (% of land area),AG.LND.FRST.ZS,60.88,60.74,60.60,60.46,60.32,60.18,60.04,59.91,59.77,59.63,59.49,59.39,59.30,59.20,59.10,59.01,58.89,58.78,58.67,58.56,58.45,58.32,58.18,58.05,57.92,57.79
Philippines,PHL,Forest area (% of land area),AG.LND.FRST.ZS,21.98,22.14,22.30,22.46,22.62,22.78,22.93,23.09,23.25,23.41,23.57,23.60,23.63,23.66,23.69,23.72,23.57,23.41,23.25,23.10,22.94,23.74,24.55,25.35,26.16,26.96
Palau,PLW,Forest area (% of land area),AG.LND.FRST.ZS,,83.26,83.57,83.87,84.20,84.50,84.80,85.13,85.43,85.74,86.07,86.37,86.67,87.00,87.30,87.61,87.61,87.61,87.61,87.61,87.61,87.61,87.61,87.61,87.61,87.61
Papua New Guinea,PNG,Forest area (% of land area),AG.LND.FRST.ZS,74.25,74.25,74.24,74.24,74.23,74.22,74.22,74.21,74.21,74.20,74.20,74.19,74.18,74.18,74.17,74.16,74.16,74.15,74.15,74.14,74.14,74.13,74.12,74.12,74.11,74.10
Poland,POL,Forest area (% of land area),AG.LND.FRST.ZS,29.00,29.05,29.11,29.17,29.23,29.29,29.34,29.40,29.46,29.52,29.58,29.67,29.76,29.86,29.94,30.03,30.12,30.20,30.29,30.37,30.46,30.53,30.60,30.67,30.74,30.81
Pre-demographic dividend,PRE,Forest area (% of land area),AG.LND.FRST.ZS,29.81,29.67,29.52,29.31,29.16,29.02,28.87,28.72,28.58,28.43,28.29,28.16,28.03,27.90,27.77,27.64,27.50,27.36,27.22,27.08,26.94,26.45,26.32,26.19,26.06,25.93
Puerto Rico,PRI,Forest area (% of land area),AG.LND.FRST.ZS,32.36,34.20,36.03,37.87,39.71,41.55,43.39,45.23,47.07,48.90,50.74,51.03,51.32,51.61,51.90,52.18,52.56,52.93,53.30,53.68,54.05,54.42,54.79,55.17,55.54,55.91
"Korea, Dem. People’s Rep.",PRK,Forest area (% of land area),AG.LND.FRST.ZS,68.11,67.06,66.00,64.95,63.90,62.84,61.79,60.74,59.68,58.63,57.58,56.53,55.47,54.42,53.37,52.31,51.26,50.21,49.16,48.11,47.06,46.00,44.95,43.89,42.84,41.78
Portugal,PRT,Forest area (% of land area),AG.LND.FRST.ZS,37.55,37.45,37.35,37.25,37.15,37.04,36.94,36.84,36.74,36.64,36.54,36.43,36.33,36.23,36.12,36.03,35.91,35.78,35.66,35.49,35.36,35.24,35.12,34.99,34.86,34.74
Paraguay,PRY,Forest area (% of land area),AG.LND.FRST.ZS,53.25,52.80,52.35,51.90,51.45,51.00,50.55,50.10,49.65,49.20,48.75,48.30,47.85,47.40,46.95,46.50,45.73,44.97,44.20,43.43,42.66,41.84,41.02,40.21,39.39,38.57
West Bank and Gaza,PSE,Forest area (% of land area),AG.LND.FRST.ZS,1.51,1.51,1.51,1.51,1.51,1.51,1.51,1.51,1.51,1.51,1.51,1.51,1.51,1.52,1.52,1.52,1.52,1.52,1.52,1.52,1.52,1.52,1.52,1.52,1.52,1.52
Pacific island small states,PSS,Forest area (% of land area),AG.LND.FRST.ZS,61.55,62.07,62.09,62.11,62.14,62.16,62.18,62.20,62.22,62.25,62.27,62.24,62.21,62.18,62.15,62.12,62.02,61.92,61.82,61.72,61.62,61.61,61.60,61.59,61.58,61.57
Post-demographic dividend,PST,Forest area (% of land area),AG.LND.FRST.ZS,31.13,31.15,31.18,31.21,31.24,31.26,31.29,31.32,31.35,31.37,31.39,31.40,31.42,31.43,31.45,31.46,31.47,31.48,31.51,31.52,31.53,31.56,31.59,31.62,31.65,31.68
French Polynesia,PYF,Forest area (% of land area),AG.LND.FRST.ZS,15.03,16.39,17.76,19.13,20.49,21.86,23.22,24.59,25.96,27.32,28.69,30.05,31.42,32.79,34.15,35.52,36.89,38.25,39.62,40.98,42.35,42.35,42.35,42.35,42.35,42.35
Qatar,QAT,Forest area (% of land area),AG.LND.FRST.ZS,0.00,0.00,0.00,0.00,0.00,0.00,0.00,0.00,0.00,0.00,0.00,0.00,0.00,0.00,0.00,0.00,0.00,0.00,0.00,0.00,0.00,0.00,0.00,0.00,0.00,0.00
Romania,ROU,Forest area (% of land area),AG.LND.FRST.ZS,27.78,27.76,27.76,27.76,27.75,27.75,27.74,27.74,27.73,27.73,27.71,27.73,27.74,27.75,27.77,27.79,27.90,28.02,28.12,28.21,28.32,28.61,28.93,29.22,29.52,29.82
Russian Federation,RUS,Forest area (% of land area),AG.LND.FRST.ZS,49.36,49.36,49.36,49.37,49.39,49.40,49.40,49.40,49.40,49.38,49.40,49.40,49.39,49.39,49.38,49.37,49.46,49.54,49.62,49.70,49.77,49.77,49.77,49.77,49.76,49.76
Rwanda,RWA,Forest area (% of land area),AG.LND.FRST.ZS,12.89,13.00,13.10,13.21,13.31,13.42,13.52,13.63,13.73,13.84,13.94,14.28,14.61,14.94,15.27,15.61,16.10,16.60,17.09,17.58,18.08,18.35,18.63,18.91,19.18,19.46
South Asia,SAS,Forest area (% of land area),AG.LND.FRST.ZS,16.51,16.51,16.52,16.52,16.54,16.55,16.55,16.55,16.55,16.55,16.56,16.63,16.71,16.78,16.86,16.94,17.02,17.10,17.18,17.26,17.33,17.36,17.39,17.42,17.45,17.48
Saudi Arabia,SAU,Forest area (% of land area),AG.LND.FRST.ZS,0.45,0.45,0.45,0.45,0.45,0.45,0.45,0.45,0.45,0.45,0.45,0.45,0.45,0.45,0.45,0.45,0.45,0.45,0.45,0.45,0.45,0.45,0.45,0.45,0.45,0.45
Sudan,SDN,Forest area (% of land area),AG.LND.FRST.ZS,12.93,12.86,12.79,12.71,12.64,12.57,12.49,12.42,12.35,12.27,12.20,12.12,12.05,11.98,11.90,11.83,11.76,11.68,11.61,11.54,11.46,8.38,8.31,8.23,8.16,8.08
Senegal,SEN,Forest area (% of land area),AG.LND.FRST.ZS,48.55,48.32,48.09,47.85,47.62,47.38,47.15,46.92,46.68,46.45,46.22,45.98,45.75,45.51,45.28,45.05,44.84,44.63,44.42,44.22,44.01,43.80,43.59,43.39,43.18,42.97
Singapore,SGP,Forest area (% of land area),AG.LND.FRST.ZS,24.40,24.40,24.40,24.40,24.40,24.40,24.40,24.40,24.40,24.40,24.40,24.40,24.22,23.80,23.73,23.73,23.56,23.53,23.36,23.36,23.29,23.22,23.16,23.13,23.06,23.06
Solomon Islands,SLB,Forest area (% of land area),AG.LND.FRST.ZS,83.03,82.83,82.63,82.43,82.23,82.03,81.83,81.63,81.43,81.23,81.03,80.84,80.64,80.45,80.26,80.06,79.86,79.66,79.46,79.26,79.06,78.86,78.66,78.46,78.26,78.06
Sierra Leone,SLE,Forest area (% of land area),AG.LND.FRST.ZS,43.20,42.93,42.65,42.38,42.11,41.84,41.57,41.30,41.03,40.75,40.48,40.21,39.94,39.67,39.40,39.12,38.85,38.58,38.31,38.04,37.77,38.65,39.53,40.41,41.29,42.17
El Salvador,SLV,Forest area (% of land area),AG.LND.FRST.ZS,18.19,17.98,17.76,17.54,17.33,17.11,16.89,16.67,16.46,16.24,16.02,15.80,15.58,15.36,15.14,14.91,14.70,14.49,14.28,14.06,13.85,13.64,13.43,13.21,13.00,12.79
San Marino,SMR,Forest area (% of land area),AG.LND.FRST.ZS,0.00,0.00,0.00,0.00,0.00,0.00,0.00,0.00,0.00,0.00,0.00,0.00,0.00,0.00,0.00,0.00,0.00,0.00,0.00,0.00,0.00,0.00,0.00,0.00,0.00,0.00
Somalia,SOM,Forest area (% of land area),AG.LND.FRST.ZS,13.20,13.08,12.96,12.83,12.71,12.59,12.47,12.35,12.22,12.10,11.98,11.86,11.73,11.61,11.49,11.37,11.24,11.12,11.00,10.88,10.75,10.63,10.51,10.39,10.27,10.14
Serbia,SRB,Forest area (% of land area),AG.LND.FRST.ZS,28.31,28.31,28.31,28.31,28.31,28.31,28.31,28.31,28.31,28.31,28.31,28.31,28.31,28.31,28.31,28.31,28.85,29.39,29.94,30.48,31.02,31.04,31.05,31.07,31.08,31.10
Sub-Saharan Africa (excluding high income),SSA,Forest area (% of land area),AG.LND.FRST.ZS,29.53,29.38,29.23,29.08,28.93,28.78,28.63,28.48,28.32,28.17,28.02,27.89,27.75,27.61,27.48,27.34,27.20,27.05,26.91,26.76,26.61,26.19,26.07,25.95,25.83,25.71
South Sudan,SSD,Forest area (% of land area),AG.LND.FRST.ZS,,,,,,,,,,,,,,,,,,,,,,,,,,
Sub-Saharan Africa,SSF,Forest area (% of land area),AG.LND.FRST.ZS,29.53,29.38,29.23,29.08,28.93,28.78,28.63,28.48,28.33,28.18,28.02,27.89,27.75,27.61,27.48,27.34,27.20,27.05,26.91,26.76,26.62,26.19,26.07,25.95,25.83,25.71
Small states,SST,Forest area (% of land area),AG.LND.FRST.ZS,38.08,38.02,37.93,37.84,37.86,37.77,37.68,37.59,37.50,37.41,37.32,37.23,37.14,37.05,36.98,36.89,36.81,36.73,36.65,36.58,36.50,36.49,36.49,36.49,36.48,36.48
Sao Tome and Principe,STP,Forest area (% of land area),AG.LND.FRST.ZS,58.33,58.33,58.33,58.33,58.33,58.33,58.33,58.33,58.33,58.33,58.33,58.33,58.33,58.33,58.33,58.33,57.83,57.33,56.83,56.33,55.83,55.83,55.83,55.83,55.83,55.83
Suriname,SUR,Forest area (% of land area),AG.LND.FRST.ZS,98.91,98.89,98.86,98.84,98.81,98.79,98.76,98.74,98.71,98.69,98.66,98.63,98.61,98.58,98.56,98.53,98.51,98.48,98.46,98.43,98.40,98.38,98.36,98.33,98.31,98.28
Slovak Republic,SVK,Forest area (% of land area),AG.LND.FRST.ZS,39.96,39.96,39.96,39.95,39.95,39.95,39.95,39.94,39.94,39.94,39.94,39.98,40.03,40.07,40.12,40.17,40.20,40.22,40.25,40.29,40.32,40.33,40.33,40.33,40.34,40.35
Slovenia,SVN,Forest area (% of land area),AG.LND.FRST.ZS,58.99,58.99,59.43,59.66,59.88,60.10,60.33,60.55,60.77,61.00,61.22,61.32,61.42,61.52,61.62,61.72,61.76,61.80,61.84,61.88,61.92,61.93,61.94,61.95,61.96,61.97
Sweden,SWE,Forest area (% of land area),AG.LND.FRST.ZS,68.39,68.41,68.44,68.46,68.49,68.51,68.54,68.56,68.58,68.61,68.63,68.66,68.69,68.71,68.74,68.77,68.70,68.63,68.56,68.48,68.41,68.41,68.92,68.92,68.92,68.92
Swaziland,SWZ,Forest area (% of land area),AG.LND.FRST.ZS,27.44,27.71,27.98,28.24,28.51,28.78,29.05,29.31,29.58,29.85,30.12,30.38,30.65,30.92,31.19,31.45,31.71,31.97,32.22,32.48,32.73,33.00,33.27,33.53,33.80,34.07
Sint Maarten (Dutch part),SXM,Forest area (% of land area),AG.LND.FRST.ZS,,,,,,,,,,,,,,,,,,,,,,,,,,
Seychelles,SYC,Forest area (% of land area),AG.LND.FRST.ZS,88.41,88.41,88.41,88.41,88.41,88.41,88.41,88.41,88.41,88.41,88.41,88.41,88.41,88.41,88.41,88.41,88.41,88.41,88.41,88.41,88.41,88.41,88.41,88.41,88.41,88.41
Syrian Arab Republic,SYR,Forest area (% of land area),AG.LND.FRST.ZS,2.02,2.06,2.09,2.12,2.15,2.19,2.22,2.25,2.29,2.32,2.35,2.38,2.41,2.45,2.48,2.51,2.54,2.58,2.61,2.64,2.67,2.67,2.67,2.67,2.67,2.67
Turks and Caicos Islands,TCA,Forest area (% of land area),AG.LND.FRST.ZS,36.21,36.21,36.21,36.21,36.21,36.21,36.21,36.21,36.21,36.21,36.21,36.21,36.21,36.21,36.21,36.21,36.21,36.21,36.21,36.21,36.21,36.21,36.21,36.21,36.21,36.21
Chad,TCD,Forest area (% of land area),AG.LND.FRST.ZS,5.32,5.29,5.26,5.23,5.20,5.17,5.14,5.11,5.08,5.05,5.02,4.99,4.97,4.94,4.91,4.88,4.78,4.68,4.58,4.47,4.37,4.27,4.17,4.07,3.97,3.87
East Asia & Pacific (IDA & IBRD countries),TEA,Forest area (% of land area),AG.LND.FRST.ZS,28.39,28.38,28.37,28.36,28.34,28.33,28.32,28.31,28.29,28.28,28.29,28.44,28.59,28.74,28.89,29.04,29.12,29.21,29.30,29.38,29.47,29.51,29.55,29.59,29.64,29.68
Europe & Central Asia (IDA & IBRD countries),TEC,Forest area (% of land area),AG.LND.FRST.ZS,38.24,38.25,38.26,38.27,38.29,38.30,38.31,38.32,38.33,38.32,38.34,38.35,38.36,38.37,38.38,38.38,38.46,38.53,38.59,38.66,38.73,38.74,38.75,38.76,38.77,38.78
Togo,TGO,Forest area (% of land area),AG.LND.FRST.ZS,12.59,12.23,11.86,11.50,11.13,10.76,10.40,10.03,9.67,9.30,8.94,8.57,8.20,7.83,7.46,7.10,6.73,6.37,6.00,5.64,5.28,4.91,4.55,4.18,3.82,3.46
Thailand,THA,Forest area (% of land area),AG.LND.FRST.ZS,27.41,28.00,28.59,29.18,29.77,30.35,30.94,31.53,32.12,32.71,33.30,32.94,32.58,32.23,31.87,31.51,31.57,31.63,31.69,31.75,31.81,31.86,31.92,31.98,32.04,32.10
Tajikistan,TJK,Forest area (% of land area),AG.LND.FRST.ZS,2.92,2.92,2.92,2.92,2.92,2.92,2.92,2.93,2.93,2.93,2.93,2.93,2.93,2.93,2.93,2.93,2.93,2.93,2.93,2.93,2.93,2.93,2.94,2.94,2.97,2.97
Turkmenistan,TKM,Forest area (% of land area),AG.LND.FRST.ZS,8.78,8.78,8.78,8.78,8.78,8.78,8.78,8.78,8.78,8.78,8.78,8.78,8.78,8.78,8.78,8.78,8.78,8.78,8.78,8.78,8.78,8.78,8.78,8.78,8.78,8.78
Latin America & the Caribbean (IDA & IBRD countries),TLA,Forest area (% of land area),AG.LND.FRST.ZS,51.21,50.99,50.76,50.54,50.31,50.08,49.86,49.63,49.48,49.25,49.02,48.78,48.54,48.30,48.06,47.82,47.63,47.45,47.27,47.09,46.91,46.80,46.68,46.57,46.46,46.35
Timor-Leste,TLS,Forest area (% of land area),AG.LND.FRST.ZS,64.96,64.21,63.46,62.70,61.95,61.20,60.44,59.69,58.94,58.18,57.43,56.68,55.92,55.17,54.42,53.67,52.91,52.16,51.41,50.65,49.90,49.15,48.39,47.64,46.89,46.13
Middle East & North Africa (IDA & IBRD countries),TMN,Forest area (% of land area),AG.LND.FRST.ZS,2.15,2.15,2.16,2.17,2.17,2.18,2.18,2.19,2.19,2.20,2.20,2.25,2.29,2.33,2.38,2.42,2.44,2.46,2.47,2.49,2.51,2.51,2.51,2.51,2.51,2.51
Tonga,TON,Forest area (% of land area),AG.LND.FRST.ZS,12.50,12.50,12.50,12.50,12.50,12.50,12.50,12.50,12.50,12.50,12.50,12.50,12.50,12.50,12.50,12.50,12.50,12.50,12.50,12.50,12.50,12.50,12.50,12.50,12.50,12.50
South Asia (IDA & IBRD),TSA,Forest area (% of land area),AG.LND.FRST.ZS,16.51,16.51,16.52,16.52,16.54,16.55,16.55,16.55,16.55,16.55,16.56,16.63,16.71,16.78,16.86,16.94,17.02,17.10,17.18,17.26,17.33,17.36,17.39,17.42,17.45,17.48
Sub-Saharan Africa (IDA & IBRD countries),TSS,Forest area (% of land area),AG.LND.FRST.ZS,29.53,29.38,29.23,29.08,28.93,28.78,28.63,28.48,28.33,28.18,28.02,27.89,27.75,27.61,27.48,27.34,27.20,27.05,26.91,26.76,26.62,26.19,26.07,25.95,25.83,25.71
Trinidad and Tobago,TTO,Forest area (% of land area),AG.LND.FRST.ZS,46.92,46.78,46.64,46.50,46.37,46.23,46.09,45.95,45.81,45.67,45.54,45.40,45.26,45.12,44.97,44.83,44.69,44.55,44.41,44.27,44.13,44.45,44.76,45.08,45.39,45.71
Tunisia,TUN,Forest area (% of land area),AG.LND.FRST.ZS,4.14,4.26,4.39,4.51,4.64,4.76,4.89,5.01,5.14,5.26,5.39,5.49,5.59,5.69,5.79,5.89,5.99,6.08,6.18,6.28,6.37,6.44,6.50,6.57,6.63,6.70
Turkey,TUR,Forest area (% of land area),AG.LND.FRST.ZS,12.50,12.58,12.65,12.72,12.79,12.87,12.94,13.01,13.09,13.16,13.23,13.36,13.48,13.60,13.73,13.85,13.99,14.13,14.28,14.42,14.56,14.69,14.82,14.96,15.09,15.22
Tuvalu,TUV,Forest area (% of land area),AG.LND.FRST.ZS,33.33,33.33,33.33,33.33,33.33,33.33,33.33,33.33,33.33,33.33,33.33,33.33,33.33,33.33,33.33,33.33,33.33,33.33,33.33,33.33,33.33,33.33,33.33,33.33,33.33,33.33
Tanzania,TZA,Forest area (% of land area),AG.LND.FRST.ZS,63.13,62.68,62.23,61.77,61.32,60.87,60.42,59.97,59.52,59.07,58.61,58.16,57.71,57.26,56.81,56.36,55.90,55.45,55.00,54.55,54.10,53.68,53.26,52.84,52.42,52.00
Uganda,UGA,Forest area (% of land area),AG.LND.FRST.ZS,23.78,23.34,22.89,22.45,22.01,21.57,21.13,20.69,20.25,19.80,19.36,18.92,18.48,18.04,17.60,17.16,16.48,15.81,15.13,14.45,13.73,13.06,12.38,11.71,11.03,10.36
Ukraine,UKR,Forest area (% of land area),AG.LND.FRST.ZS,16.01,16.01,16.09,16.13,16.17,16.21,16.25,16.29,16.33,16.37,16.41,16.44,16.46,16.48,16.50,16.53,16.52,16.51,16.50,16.49,16.48,16.52,16.56,16.59,16.63,16.67
Upper middle income,UMC,Forest area (% of land area),AG.LND.FRST.ZS,36.08,36.05,36.02,35.99,35.97,35.94,35.91,35.88,35.87,35.84,35.82,35.80,35.78,35.76,35.75,35.73,35.74,35.75,35.77,35.78,35.79,35.79,35.79,35.79,35.79,35.79
Uruguay,URY,Forest area (% of land area),AG.LND.FRST.ZS,4.56,4.89,5.21,5.54,5.87,6.19,6.52,6.85,7.17,7.50,7.83,8.00,8.17,8.35,8.52,8.70,8.93,9.17,9.41,9.65,9.89,10.02,10.15,10.28,10.41,10.54
United States,USA,Forest area (% of land area),AG.LND.FRST.ZS,33.02,33.03,33.05,33.06,33.07,33.08,33.09,33.11,33.12,33.13,33.13,33.16,33.18,33.21,33.24,33.26,33.35,33.44,33.58,33.66,33.75,33.78,33.81,33.84,33.87,33.90
Uzbekistan,UZB,Forest area (% of land area),AG.LND.FRST.ZS,7.16,7.16,7.24,7.28,7.31,7.35,7.39,7.43,7.47,7.51,7.55,7.59,7.63,7.67,7.71,7.75,7.74,7.73,7.72,7.71,7.70,7.67,7.65,7.62,7.60,7.57
St. Vincent and the Grenadines,VCT,Forest area (% of land area),AG.LND.FRST.ZS,64.10,64.36,64.62,64.87,65.13,65.38,65.64,65.90,66.15,66.41,66.67,66.67,66.67,66.67,66.67,66.67,67.18,67.69,68.21,68.72,69.23,69.23,69.23,69.23,69.23,69.23
"Venezuela, RB",VEN,Forest area (% of land area),AG.LND.FRST.ZS,58.98,58.66,58.33,58.01,57.68,57.35,57.03,56.70,56.38,56.05,55.72,55.40,55.07,54.75,54.42,54.09,54.05,54.00,53.95,53.90,53.86,53.67,53.48,53.30,53.11,52.93
British Virgin Islands,VGB,Forest area (% of land area),AG.LND.FRST.ZS,24.73,24.73,24.67,24.67,24.60,24.60,24.60,24.53,24.53,24.47,24.47,24.47,24.47,24.40,24.40,24.40,24.40,24.33,24.33,24.27,24.27,24.27,24.20,24.20,24.13,24.13
Virgin Islands (U.S.),VIR,Forest area (% of land area),AG.LND.FRST.ZS,67.37,66.49,65.60,64.71,63.83,62.91,62.03,61.14,60.26,59.37,58.49,57.49,56.49,55.51,54.51,53.51,53.20,52.86,52.54,52.20,51.89,51.57,51.26,50.91,50.60,50.29
Vietnam,VNM,Forest area (% of land area),AG.LND.FRST.ZS,28.77,29.49,30.22,30.94,31.67,32.40,33.12,33.85,34.58,35.30,37.70,38.56,39.50,40.43,41.30,42.17,42.85,43.53,44.21,44.89,45.56,45.98,46.40,46.81,47.23,47.64
Vanuatu,VUT,Forest area (% of land area),AG.LND.FRST.ZS,36.10,36.10,36.10,36.10,36.10,36.10,36.10,36.10,36.10,36.10,36.10,36.10,36.10,36.10,36.10,36.10,36.10,36.10,36.10,36.10,36.10,36.10,36.10,36.10,36.10,36.10
World,WLD,Forest area (% of land area),AG.LND.FRST.ZS,31.80,31.74,31.69,31.66,31.60,31.55,31.49,31.42,31.37,31.31,31.25,31.22,31.18,31.15,31.11,31.08,31.05,31.03,31.00,30.98,30.95,30.93,30.90,30.88,30.85,30.83
Samoa,WSM,Forest area (% of land area),AG.LND.FRST.ZS,45.94,47.39,48.83,50.28,51.73,53.18,54.63,56.08,57.53,58.98,60.42,60.42,60.42,60.42,60.42,60.42,60.42,60.42,60.42,60.42,60.42,60.42,60.42,60.42,60.42,60.42
Kosovo,XKX,Forest area (% of land area),AG.LND.FRST.ZS,,,,,,,,,,,,,,,,,,,,,,,,,,
"Yemen, Rep.",YEM,Forest area (% of land area),AG.LND.FRST.ZS,1.04,1.04,1.04,1.04,1.04,1.04,1.04,1.04,1.04,1.04,1.04,1.04,1.04,1.04,1.04,1.04,1.04,1.04,1.04,1.04,1.04,1.04,1.04,1.04,1.04,1.04
South Africa,ZAF,Forest area (% of land area),AG.LND.FRST.ZS,7.62,7.62,7.62,7.62,7.62,7.62,7.62,7.62,7.62,7.62,7.62,7.62,7.62,7.62,7.62,7.62,7.62,7.62,7.62,7.62,7.62,7.62,7.62,7.62,7.62,7.62
Zambia,ZMB,Forest area (% of land area),AG.LND.FRST.ZS,71.03,70.80,70.58,70.35,70.13,69.91,69.68,69.46,69.23,69.01,68.78,68.56,68.34,68.11,67.89,67.66,67.44,67.22,66.99,66.77,66.54,66.32,66.10,65.87,65.65,65.42
Zimbabwe,ZWE,Forest area (% of land area),AG.LND.FRST.ZS,57.29,56.45,55.60,54.76,53.91,53.07,52.22,51.38,50.53,49.69,48.84,48.00,47.15,46.30,45.46,44.61,43.77,42.92,42.08,41.23,40.39,39.58,38.77,37.97,37.16,36.35